Consultas principales,Clics,Impresiones,CTR,Posición
nirvex,67,385,17.4%,4.1
agencia de marketing valencia,8,1473,0.54%,13.01
agencias de marketing valencia,7,1241,0.56%,11.92
agencia marketing valencia,5,1339,0.37%,12.71
agencias de marketing en valencia,5,348,1.44%,8.89
agencia seo valencia,4,5972,0.07%,14.57
agencia de marketing b2b,4,1860,0.22%,12.09
agencia seo b2b,4,411,0.97%,14.63
agencia marketing b2b,3,2380,0.13%,14.91
agencia de marketing en valencia,3,759,0.4%,13.55
agencias marketing valencia,3,474,0.63%,13.52
empresas de marketing valencia,3,141,2.13%,8.88
agencia meta ads,2,2681,0.07%,20.61
empresas de marketing en valencia,2,470,0.43%,11.04
marketing valencia,2,173,1.16%,42.17
agencia marketing digital valencia,1,2298,0.04%,27.29
agencia b2b,1,1147,0.09%,20.35
empresas marketing valencia,1,585,0.17%,11.42
agencias marketing digital valencia,1,496,0.2%,19.62
agencia ecommerce valencia,1,489,0.2%,7.64
agencia digital valencia,1,481,0.21%,32.46
agencia google ads b2b,1,378,0.26%,14
empresa de marketing valencia,1,358,0.28%,13.35
agencias de marketing b2b,1,250,0.4%,11.12
organigrama de mercadotecnia,1,139,0.72%,3.67
organigrama departamento de marketing,1,28,3.57%,4.43
organigrama agencia de marketing,1,17,5.88%,5.94
organigrama de ventas y marketing,1,14,7.14%,7.86
organigrama empresa de marketing,1,9,11.11%,3.56
agencias de marketing digital en españa,1,8,12.5%,8.25
marketing agency valencia,1,5,20%,9.2
marketing agencies,1,4,25%,4.25
agencia facebook ads,0,4056,0%,27.38
posicionamiento seo valencia,0,2535,0%,29.6
posicionamiento web valencia,0,2436,0%,34.04
seo valencia,0,1992,0%,31.94
agencia de marketing digital valencia,0,1522,0%,22.32
marketing digital valencia,0,1283,0%,41.7
agencia de facebook ads,0,1175,0%,51.82
seo b2b,0,1131,0%,16.71
departamento de marketing organigrama,0,1055,0%,9.52
agencia inbound marketing valencia,0,1038,0%,15.19
agencia de marketing digital en valencia,0,862,0%,19.4
agencia marketing digital b2b,0,859,0%,13.76
agencia google ads valencia,0,847,0%,28.43
pipeline de ventas,0,840,0%,47.42
experto seo valencia,0,744,0%,26.88
pipeline ventas,0,729,0%,40.95
empresa seo valencia,0,725,0%,13.46
agencia seo en valencia,0,719,0%,13.29
inbound marketing valencia,0,683,0%,12.61
agencia de posicionamiento seo valencia,0,678,0%,16.57
agencias meta ads,0,675,0%,21.51
agencia posicionamiento seo valencia,0,635,0%,18.69
seo para b2b,0,629,0%,31.56
seo en valencia,0,625,0%,18.68
empresa marketing valencia,0,561,0%,11.16
facebook ads agencia,0,556,0%,33.04
marketing digital en valencia,0,546,0%,67.27
agencia social media valencia,0,518,0%,93.32
agencia marketing industrial,0,511,0%,16.92
posicionamiento web seo valencia,0,509,0%,22.5
empresa posicionamiento seo valencia,0,502,0%,24.07
agencia de marketing industrial,0,489,0%,15.4
marketing online valencia,0,478,0%,80.62
consultoria seo valencia,0,470,0%,22.21
departamento de marketing,0,462,0%,52.35
agencia posicionamiento web valencia,0,450,0%,20.85
agencia b2b valencia,0,438,0%,1.4
agencias seo valencia,0,436,0%,14.33
posicionamiento seo en valencia,0,425,0%,24.46
agencia marketing b2b valencia,0,420,0%,1.75
agencias de publicidad valencia,0,419,0%,45.64
agencias de marketing digital en valencia,0,408,0%,21.19
agencia publicidad facebook,0,406,0%,27.38
agencia digital b2b,0,404,0%,11.74
agencia de inbound marketing valencia,0,403,0%,10.55
agencia de marketing digital b2b,0,401,0%,9.18
agencia de inbound marketing b2b,0,398,0%,32.65
consultoría seo valencia,0,396,0%,19.44
agencia publicidad b2b,0,387,0%,23.79
agencia marketing en valencia,0,387,0%,24.14
organigrama empresa marketing digital,0,386,0%,3.86
facebook ads valencia,0,380,0%,8.23
agencia inbound marketing,0,357,0%,12.45
valencia seo,0,356,0%,21.69
agencias de publicidad en valencia,0,356,0%,27.26
agencia facebook ads valencia,0,354,0%,7.54
b2b seo,0,354,0%,14.76
organigrama agencia publicidad,0,326,0%,15.81
empresas posicionamiento web valencia,0,326,0%,20.76
agencia de marketing y redes sociales valencia,0,324,0%,46.67
expertas en marketing valencia,0,323,0%,47.63
agencia de publicidad valencia,0,321,0%,48.98
expertas en redes sociales valencia,0,303,0%,57.7
agencia de seo en valencia,0,292,0%,12.31
agencia marketing saas,0,281,0%,7.67
experto en meta ads,0,280,0%,42.84
servicios de marketing digital valencia,0,279,0%,40.51
empresa posicionamiento web valencia,0,266,0%,20.06
publicidad facebook ads valencia,0,260,0%,9.82
agencia de seo valencia,0,253,0%,12.45
empresa de marketing digital valencia,0,248,0%,21.49
agencia de inbound marketing para b2b,0,244,0%,20.5
pipeline comercial,0,239,0%,47.14
servicios de posicionamiento web valencia,0,235,0%,30.9
agencia anuncios facebook,0,223,0%,17.22
agencias de marketing digital b2b,0,217,0%,9.19
especialistas seo valencia,0,210,0%,22.61
agencia ecommerce,0,207,0%,3.94
captación de leads valencia,0,207,0%,8.44
agencia seo valenci,0,204,0%,11.93
agencia de marketing inmobiliario en valencia,0,203,0%,16.36
agencia de marketing digital organigrama,0,201,0%,5.34
agencia de inbound marketing,0,198,0%,13.48
agencia de marketing digital en algorfa,0,197,0%,61.35
agencias seo en valencia,0,196,0%,12.2
agencia comunicación b2b,0,195,0%,33.57
agencia de marketing digital en redován,0,193,0%,76.29
marketing online en valencia,0,191,0%,71.27
agencia de marketing digital para empresas b2b,0,189,0%,11.62
organigrama marketing,0,188,0%,5.47
agencias de marketing digital valencia,0,186,0%,18.05
empresas de posicionamiento web valencia,0,180,0%,30.26
mejores agencias seo valencia,0,179,0%,32.53
empresa de publicidad en facebook,0,179,0%,49.77
agencia redes sociales valencia,0,179,0%,88.68
empresas de seo en valencia,0,176,0%,14.44
organigrama de marketing,0,174,0%,4.17
agencias b2b,0,174,0%,11.72
agencia seo gandia,0,173,0%,82.02
consultoria de marketing valencia,0,171,0%,23.48
experto seo en valencia,0,169,0%,26.69
generacion de leads valencia,0,166,0%,9.57
especialista seo valencia,0,165,0%,29.61
agencia de marketing online en valencia,0,160,0%,19.17
agencia marketing digital en valencia,0,159,0%,22.15
posicionamiento web en valencia,0,158,0%,24.62
agencia seo torrelavega,0,158,0%,89.84
agencia diseño seo valencia,0,157,0%,12.78
agencia hubspot,0,156,0%,69.74
agencia de redes sociales en valencia,0,154,0%,67.43
agencia seo marca blanca,0,153,0%,52.2
agencia valencia,0,153,0%,64.01
agencia de publicidad facebook,0,153,0%,73.31
agencia de marketing online valencia,0,152,0%,56.78
campaña publicitaria google ads para b2b,0,150,0%,20.52
experto facebook ads,0,144,0%,42.53
mqls,0,142,0%,6.55
agencia facebook,0,142,0%,45.5
empresas de marketing digital en valencia,0,140,0%,17.56
especialista meta ads,0,140,0%,24.63
empresas marketing digital valencia,0,138,0%,24.07
agencia marketing de resultados,0,137,0%,33.69
expertos en posicionamiento web en valencia,0,130,0%,14.82
agencia meta ads b2b,0,128,0%,1.45
expertos en facebook ads,0,126,0%,16.87
que es un pipeline de ventas,0,126,0%,19.09
servicios de seo de etiqueta blanca,0,126,0%,61.1
seo en algorfa,0,126,0%,75.64
consultora marketing valencia,0,125,0%,11.5
empresas seo valencia,0,125,0%,14.49
posicionamiento organico valencia,0,124,0%,86.39
b2b seo agency,0,122,0%,8.07
empresas de marketing y publicidad en valencia,0,122,0%,26.69
mejores agencias de marketing digital valencia,0,120,0%,45.37
agencia de marketing abm,0,118,0%,9.64
consultoria de marketing digital en valencia,0,118,0%,34.56
agencia tiktok valencia,0,118,0%,90.62
agencia de facebook,0,117,0%,31.76
copywriting valencia,0,116,0%,74.89
organigrama de una empresa de marketing,0,115,0%,2.71
publicidad digital valencia,0,115,0%,82.08
posicionamiento natural marca blanca valencia,0,114,0%,8.11
agencia de markeitng en valencia,0,114,0%,15.38
consultora marketing digital valencia,0,114,0%,34.23
empresas de marketing,0,113,0%,10.77
agencia anuncios en facebook,0,113,0%,20.8
agencia marketing estrategico valencia,0,113,0%,33.24
seo web valencia,0,112,0%,30.54
agencia de marketing marca blanca valencia,0,111,0%,9.05
organigrama agencia de publicidad pequeña,0,111,0%,12.85
empresa publicidad valencia,0,111,0%,45.81
que es el pipeline,0,107,0%,40.98
agencia seo palencia,0,107,0%,92.84
agencias de marketing b2b en españa,0,106,0%,13.19
mejores agencias marketing b2b,0,105,0%,17.86
agencia de posicionamiento web valencia,0,105,0%,19.21
b2b agencia,0,105,0%,22.7
meta ads valencia,0,104,0%,5.3
agencia digital en valencia,0,104,0%,29.67
agencia publicidad valencia,0,104,0%,35.1
organigrama departamento marketing,0,102,0%,4.23
organigrama de marketing de una empresa,0,101,0%,2.79
expertos seo valencia,0,101,0%,23.85
posicionamiento paginas web valencia,0,101,0%,44.52
expertos en facebook,0,101,0%,48.94
atraer pacientes de alto valor valencia,0,100,0%,33.04
empresa marketing online valencia,0,99,0%,25.91
agencia de branding en valencia,0,99,0%,54.82
publicidad en facebook valencia,0,97,0%,11.37
mejores agencias marketing valencia,0,97,0%,33.21
agencia seo mislata,0,97,0%,35.42
agencia meta,0,96,0%,51.49
seo marca blanca valencia,0,94,0%,9.84
departamentos de marketing,0,94,0%,22.83
externalizar posicionamiento seo valencia,0,94,0%,28.01
agencia seo alzira,0,94,0%,71.07
google ads valencia,0,94,0%,78.19
agencia especialista en facebook ads,0,93,0%,13.96
servicios de etiqueta blanca de seo,0,93,0%,53.95
agencia de growth branding en valencia,0,93,0%,57.87
experto en publicidad en facebook,0,93,0%,67.37
organigrama del departamento de marketing,0,92,0%,5.87
areas de una agencia de marketing,0,92,0%,10.55
outsourcing posicionamiento seo valencia,0,92,0%,17.59
agencias comunicacion valencia,0,90,0%,82.51
subcontratar posicionamiento seo valencia,0,89,0%,26.72
posicionamiento seo para agencias valencia,0,89,0%,30.01
servicio seo para b2b,0,88,0%,3.5
agencia posicionamiento valencia,0,88,0%,17.52
revendedor posicionamiento seo valencia,0,88,0%,18.07
agencia seo sagunto,0,88,0%,63.1
experto en facebook ads,0,88,0%,69.93
servicio de copywriting valencia,0,88,0%,78.33
agencias publicidad en valencia,0,86,0%,42.45
pipeline que es,0,85,0%,29.41
agencia de redes sociales valencia,0,85,0%,60.38
agencia seo burjassot,0,85,0%,63.73
agencia seo en gandia,0,85,0%,81.12
empresas de marketing online valencia,0,84,0%,28.27
seo posicionamiento web valencia,0,84,0%,33.75
departamento marketing,0,84,0%,48.9
seo en redován,0,84,0%,62.74
agencia de estrategia de marketing b2b,0,83,0%,8.01
b2b,0,83,0%,10.99
agencia marketing digital para empresas b2b,0,82,0%,10.45
agencia de marketing en google,0,82,0%,31.28
servicios de marketing digital para agencias valencia,0,82,0%,41.04
reseller posicionamiento seo valencia,0,81,0%,12.98
empresa marketing,0,81,0%,16.93
agencia marketing digital valencia valencia,0,80,0%,23.82
las mejores agencias de marketing digital de valencia,0,80,0%,30.56
agencia publicidad facebook ads,0,80,0%,77.16
pipeline de ventas frente a embudo de ventas,0,80,0%,85.72
facebook ad agencia,0,79,0%,9.65
consultoría seo b2b,0,79,0%,22.44
especialista facebook ads,0,79,0%,43.92
revendedor marketing digital valencia,0,78,0%,44.38
agencia publicidad en valencia,0,78,0%,48.54
agencia de social media valencia,0,78,0%,79.08
agencia marketing digital ecommerce,0,76,0%,1.58
consultoria seo en valencia,0,76,0%,16.42
internet marketing valencia,0,76,0%,17.34
agencias de publicidad en valencia españa,0,76,0%,73.93
difuso | agencia seo valencia,0,75,0%,13.12
reseller marketing digital valencia,0,75,0%,75.68
agencia branding valencia,0,74,0%,71.39
expertos social ads,0,73,0%,38.25
posicionamiento en buscadores valencia,0,72,0%,93.67
seo en rafal,0,71,0%,25.94
pipeline en ventas,0,71,0%,55.85
agencia saas b2b,0,70,0%,8.06
etapas del pipeline de ventas,0,70,0%,13.16
empresa de marketing,0,70,0%,19.44
marketing digital agencia valencia,0,70,0%,22.7
agencia de publicidad b2b,0,69,0%,9.29
departamentos de una agencia de marketing,0,69,0%,12.16
agencia de meta ads,0,69,0%,15.64
agencia de marketing digital marca blanca valencia,0,69,0%,29.14
posicionamiento seo marca blanca valencia,0,68,0%,9.79
posicionamiento sem marca blanca valencia,0,68,0%,83.29
pipeline marketing,0,67,0%,1.24
departamento de mercadotecnia,0,67,0%,18.06
calculadora de leads,0,67,0%,39.19
meta ads zaragoza,0,67,0%,85.88
seo agency b2b,0,65,0%,9.75
facebook ads agency,0,65,0%,11.74
site:nirvex.es daniel,0,64,0%,1
agencia marketing digital industrial,0,64,0%,10.56
expertos en posicionamiento seo valencia,0,63,0%,28.92
agencia experta seo,0,63,0%,33.87
agencia instagram ads valencia,0,63,0%,90.03
empresas seo en valencia,0,62,0%,10.55
servicios marketing industrial,0,62,0%,21.15
agencia marketing online valencia,0,62,0%,31.37
agencia ads marca blanca valencia,0,62,0%,37.29
expertos en anuncios en redes,0,62,0%,44.69
plantilla xml comercializadora,0,62,0%,62.73
agencia seo ontinyent,0,62,0%,74.02
departamentos de una agencia de marketing digital,0,61,0%,10.98
agente marketing digital valencia,0,61,0%,67.36
empresas de mkt digital,0,60,0%,15.02
valencia internet marketing,0,60,0%,15.33
experto en seo valencia,0,60,0%,32.45
agencia facebook ads internacional,0,60,0%,59.27
consultoría de marketing digital valencia,0,60,0%,64.82
agência de marketing b2b,0,59,0%,8.15
seo marketing valencia,0,59,0%,22.59
agencia facebook ads global,0,59,0%,67.78
posicionamiento en google valencia,0,59,0%,86.24
definicion organigrama empresa valencia,0,58,0%,28.52
b2b seo marketing agency,0,58,0%,30.91
agencia publicidad en google,0,58,0%,37.52
empresa de posicionamiento web valencia,0,57,0%,27.21
agencias de marketing online valencia,0,57,0%,30.51
agencia leads b2b,0,55,0%,7.38
empresas de posicionamiento web en valencia,0,55,0%,22.69
departamento de ventas organigrama y funciones,0,55,0%,35.31
expertos en seo valencia,0,54,0%,26.81
reseller posicionamiento sem valencia,0,54,0%,89.63
seo palencia,0,54,0%,95.83
consultoría marketing industrial,0,53,0%,18.25
expertos en posicionamiento web valencia,0,53,0%,26.43
agencia de publicidad en valencia,0,53,0%,33.09
empresas de marketing online en valencia,0,53,0%,36.34
agencia de marketing digital en rafal,0,53,0%,84.6
posicionamiento seo en reinosa,0,53,0%,86.47
seo para empresas b2b,0,52,0%,17.67
externalizar posicionamiento sem valencia,0,52,0%,85.81
servicios de marketing digital marca blanca valencia,0,51,0%,18.16
asesoría marketing industrial,0,51,0%,19.96
mejor agencia seo valencia,0,51,0%,20.94
expertos en marketing industrial,0,51,0%,21.63
empresas marketing online valencia,0,51,0%,23.47
posicionamiento natural valencia,0,51,0%,89.8
empresa paginas web valencia,0,50,0%,57.62
marketing y redes sociales valencia,0,50,0%,90.28
agencia de marketing digital en benimamet,0,49,0%,12.27
creixement x,0,49,0%,22.22
agencia ux valencia,0,49,0%,92.27
agencia de marketing inmobiliario,0,48,0%,12.5
b2b internet marketing agency,0,48,0%,57.29
agencia seo blanco,0,48,0%,61.38
agencia seo cerca de mi,0,48,0%,63.25
consultor seo valencia,0,48,0%,94.42
agencia de posicionamiento seo en valencia,0,47,0%,11.91
campañas facebook ads valencia,0,47,0%,32.85
agencia growth branding valencia,0,47,0%,67.09
agencia facebook anuncios,0,46,0%,11.78
agencia marketing online en valencia,0,46,0%,46.85
diseño web marca blanca valencia,0,46,0%,87.04
agencia de leads b2b,0,45,0%,9.02
paginas web marca blanca valencia,0,45,0%,11.73
agencia de marketing digital industrial,0,45,0%,12.42
posicionamiento google valencia,0,45,0%,30.56
b2b valencia,0,44,0%,9.16
valencia marketing,0,44,0%,42.75
agencias publicidad valencia,0,43,0%,34.84
consultoria seo marca blanca,0,43,0%,66.16
agencia paid valencia,0,42,0%,10
empresa especialista en publicidad en facebook,0,42,0%,11.1
consultoria facebook ads,0,42,0%,27.05
agencia marketing,0,42,0%,27.95
organigrama mercadotecnia,0,41,0%,4.83
marketing organigrama,0,40,0%,6.53
agencia marketing facebook,0,40,0%,51.65
contratar agencia facebook ads,0,40,0%,58.35
consultoria marketing b2b,0,40,0%,87.58
expertos en redes sociales valencia,0,40,0%,95.62
experto posicionamiento en valencia,0,39,0%,73.03
consultor seo freelance valencia,0,39,0%,92.28
agencia facebook e instagram ads,0,38,0%,14.03
agencia seo local valencia,0,38,0%,17.13
consultoría web valencia,0,38,0%,33.16
funciones del departamento de marketing,0,38,0%,71.5
agencia en valencia,0,38,0%,82.74
agencia de marketing,0,37,0%,24.32
agencia anuncios en redes sociales,0,37,0%,27.24
outsourcing posicionamiento sem valencia,0,37,0%,86.14
consultoria de marketing digital valencia,0,36,0%,47.11
organigrama del departamento de mercadotecnia,0,35,0%,5.09
agencia digital para saas,0,35,0%,11.86
posicionamiento web garantizado valencia,0,35,0%,23.66
organigramas de ventas,0,35,0%,77.89
consultor de seo en valencia,0,35,0%,82.89
agencia rrss valencia,0,35,0%,91.06
crear campaa de facebook ads valencia,0,34,0%,7.35
agencia marketing sostenible,0,34,0%,45.26
embudo de ventas saas,0,34,0%,75.74
agencia seo industria,0,33,0%,20.82
departament marketing,0,33,0%,24.58
blanco seo,0,33,0%,79.58
agencias de medios valencia,0,33,0%,86.88
área de marketing,0,32,0%,11.94
agencia de marketing digital en carpesa,0,32,0%,13.44
ecommerce valencia,0,32,0%,18.47
cargos en una agencia de marketing,0,32,0%,28.78
agencia partner hubspot,0,32,0%,35.06
partner posicionamiento seo valencia,0,32,0%,96.22
organigrama de departamento de marketing,0,31,0%,3.42
organigrama del area de marketing,0,31,0%,4.52
estrategia comercial valencia,0,31,0%,22.13
agencia digitalizadora valencia,0,31,0%,39.23
agencia seo valencia estratega,0,30,0%,11.53
agencia seo paterna,0,30,0%,77.2
que es pipeline en ventas,0,29,0%,11.14
fresh people,0,29,0%,12.62
agencia marketing industria,0,29,0%,19.55
agencia de marketing cerca de mi,0,29,0%,25.52
agencia facebook ads alicante,0,29,0%,60.31
agencia de marketing de resultados,0,28,0%,7.61
pipeline de ventas que es,0,28,0%,15.89
agencia de mercadotecnia,0,28,0%,42.36
agencia ads valencia,0,28,0%,89.25
agencia+seo+b2b,0,27,0%,24.93
area de marketing,0,27,0%,32.07
agencia meta ads barcelona,0,27,0%,56.89
servicios de posicionamiento web marca blanca,0,27,0%,57.89
marketing estrategico valencia,0,27,0%,87.63
agencia web valencia,0,27,0%,96.67
agencia de marketing digital en algiros,0,26,0%,13.08
buen marketing valencia,0,26,0%,26.35
consultora marketing b2b,0,26,0%,35.08
seo para restaurantes valencia,0,26,0%,94.46
marketing,0,25,0%,6.88
agencia seo para empresas b2b,0,25,0%,7.12
agencia de marketing digital en forn alcedo,0,25,0%,9.44
servicios de marketing para empresas b2b,0,25,0%,10.68
campañas de anuncios en facebook valencia,0,25,0%,21.68
empresas publicidad valencia,0,25,0%,49.88
agencia partner de hubspot,0,25,0%,52.44
seo alzira,0,25,0%,74.68
estrategia de marketing en valencia,0,25,0%,76.08
pipeline de ventas ejemplo,0,24,0%,1.29
agencia inbound marketing b2b,0,24,0%,18.25
calculadora marketing digital,0,24,0%,39.29
google ads para agencias,0,24,0%,78.12
facebook ads reus,0,24,0%,80.54
agencia de seo en puebla,0,24,0%,95
agencia seo para b2b,0,23,0%,8.26
agencia+de+marketing+b2b,0,23,0%,14.39
agencia de marketing españa,0,23,0%,80
optimizar pagina web valencia,0,23,0%,93.61
agencia online valencia,0,23,0%,94.96
agencia marketing industrias,0,22,0%,12.27
agencias de branding en valencia,0,22,0%,14.18
agencia abm,0,22,0%,20.14
agencia de marketing sostenible,0,22,0%,52.5
agencia creativa en valencia,0,22,0%,93.5
agencia certificada por google valencia,0,22,0%,94.14
agencia posicionamiento internet palencia,0,22,0%,94.14
publicidad google ads valencia,0,22,0%,94.32
organigrama de marketing y ventas,0,21,0%,6
organigrama agencia de publicidad,0,21,0%,14.24
agencia de marketing digital google ads,0,21,0%,40.52
que es pipeline,0,21,0%,50.05
social media marca blanca valencia,0,21,0%,55
agencia de funnels,0,21,0%,59.48
como hacer un pipeline de ventas,0,21,0%,70.33
agencia generación de leads,0,21,0%,89.71
posicionamiento valencia,0,21,0%,93.57
agencia de publicidad organigrama,0,20,0%,14.65
seo mislata,0,20,0%,39.7
auditoria seo valencia,0,20,0%,59.5
seo ecommerce valencia,0,20,0%,68.85
agencia marketing resultados,0,19,0%,9.68
seo marca blanca agencias,0,19,0%,81.63
contratar especialistas facebook ads,0,19,0%,89.84
marketing empresa,0,18,0%,5.28
agencia marketing software b2b,0,18,0%,9.72
agencias+b2b,0,18,0%,11.67
hacer publicidad en facebook valencia,0,18,0%,16.28
b2b ads,0,18,0%,16.78
agencias de publicidad de valencia,0,18,0%,47.28
medianas comerciales valencia,0,18,0%,70.89
optimizacion de motores de busqueda valencia,0,18,0%,78.67
agencia meta ads valencia,0,17,0%,3.65
proveedores de servicios digitales marca blanca valencia,0,17,0%,8
agencia marketing local,0,17,0%,11.53
agencia marketing online,0,17,0%,26.35
agencia de marketing y publicidad valencia,0,17,0%,32.94
abm b2b,0,17,0%,36.06
agencia drone,0,17,0%,82.53
link building valencia,0,17,0%,94.53
agencia de marketing digital en quatre carreres,0,16,0%,8.5
agencias+de+marketing+b2b,0,16,0%,10.81
organigrama de una agencia de publicidad,0,16,0%,13.25
agencia+marketing+digital+b2b,0,16,0%,13.75
consultoria de marketing b2b,0,16,0%,15.19
meta ads b2b,0,16,0%,18.44
marketing inmobiliario en valencia,0,16,0%,22.19
agencia de marketng b2b,0,16,0%,31.56
agencia+publicidad+b2b,0,16,0%,37.31
agencia de publicidad en google,0,16,0%,42.12
area de marketing de una empresa,0,16,0%,47.62
agencia de publicidad google ads,0,16,0%,47.69
qué es un pipeline de ventas,0,16,0%,63.88
valenciaseo,0,16,0%,71.5
estrategias de marketing para startups en valencia,0,16,0%,89.12
agencia google ads castellon,0,16,0%,91.56
networking marketing valencia,0,16,0%,97.19
agencia de marketing digital en benimaclet,0,15,0%,16.07
agencia+marketing+b2b,0,15,0%,17.87
agencia de marketing online,0,15,0%,21
agencia de marketing en facebook,0,15,0%,51.87
agencia de marketing digital facebook ads,0,15,0%,65.33
mql solutions,0,15,0%,66.47
b2b industrial marketing,0,15,0%,72.67
marketing para estetica en valencia,0,15,0%,84.13
agencia posicionamiento web,0,15,0%,84.27
expertos instagram ads,0,15,0%,96.2
consultoría industrial b2b,0,14,0%,14.29
agencia marketing digital,0,14,0%,17.71
mejor+agencia+marketing+b2b,0,14,0%,21.5
empresa de publicidad valencia,0,14,0%,25.36
agencia+de+marketing+industrial,0,14,0%,25.86
valencia digital marketing,0,14,0%,44
empresas de publicidad en valencia,0,14,0%,49.64
agência conversion,0,14,0%,57.86
que es el pipeline en ventas,0,13,0%,5.15
agencias de google ads,0,13,0%,5.85
outsourcing marketing b2b empresas industriales españa,0,13,0%,11.62
agencia retail marketing,0,13,0%,16.54
agencia de marketing digital en el perellonet,0,13,0%,18.54
organigrama del departamento de ventas,0,13,0%,37.38
que es pipeline de ventas,0,13,0%,46.69
agencia de google ads internacional,0,13,0%,81.77
"intitle:""agencia ecommerce valencia""",0,12,0%,2.75
organigrama de un departamento de marketing,0,12,0%,5.42
mql a sql,0,12,0%,5.67
que es el pipeline de una empresa,0,12,0%,7.25
agencia lead generation b2b,0,12,0%,17.17
agencia+b2b,0,12,0%,17.83
b2b+agencia,0,12,0%,24.25
agencia conversion,0,12,0%,65.33
consultoria marketing valencia,0,12,0%,74.42
agência marketing,0,12,0%,74.58
contratar facebook ads,0,12,0%,82.17
agencia marketing industrial en barcelona,0,12,0%,85.17
organigrama servicio al cliente,0,12,0%,89.58
agencia de marketing para empresas,0,12,0%,92.75
marketing digital para saas,0,12,0%,94.5
organigrama de una agencia de marketing,0,11,0%,6.27
organigrama de una agencia de marketing digital,0,11,0%,8.18
agencias de marketing españa,0,11,0%,8.64
agenzia facebook ads,0,11,0%,10.91
agencia de marketing digital en massarrojos,0,11,0%,29.64
agencia marketing google,0,11,0%,37.82
servicio de copy seo valencia,0,11,0%,47.09
agencia de publicidad en google ads,0,11,0%,50.82
saas b2b generación leads,0,11,0%,73.27
marketing de contenidos valencia,0,11,0%,93.73
optimizacion en buscadores valencia,0,11,0%,93.91
ads agencia,0,11,0%,95.64
pipeline finanzas,0,10,0%,1
pipeline empresa,0,10,0%,4.4
freshpeople,0,10,0%,8.4
agencia+digital+b2b,0,10,0%,10.8
organigrama de la gestión de relación con los clientes,0,10,0%,11.3
agencia+de+marketing+digital+b2b,0,10,0%,12.6
consultor seo b2b,0,10,0%,14.2
agencia+marketing+industrial,0,10,0%,14.9
agencia de marketing 360,0,10,0%,20.2
empresa de publicidad en valencia,0,10,0%,30.1
agencia google,0,10,0%,52.3
agencia de generacion de leads,0,10,0%,61.3
seo marca blanca para agencias,0,10,0%,61.4
consultoria de publicidad en facebook,0,10,0%,73.1
agencia comunicacion valencia,0,10,0%,84.6
expertos en instagram ads,0,10,0%,84.9
linkbuilding valencia,0,10,0%,87.8
calculadora de tasa de conversión,0,10,0%,94.8
mql y sql significado,0,9,0%,5.89
digital marketing,0,9,0%,8.56
agencias de posicionamiento,0,9,0%,18.89
empresas de marketing digital,0,9,0%,18.89
servicios seo valencia,0,9,0%,20
agencias redes sociales,0,9,0%,28.44
agencia especializada en marketing industrial,0,9,0%,42.22
estudio de branding y producto en valencia,0,9,0%,77.33
sem para empresas b2b,0,9,0%,89.33
agencia generacion de leads,0,9,0%,97.67
b2b marketing,0,8,0%,5.38
pipeline ejemplos,0,8,0%,5.88
mql y sql,0,8,0%,9.75
agencias de posicionamiento seo en valencia,0,8,0%,10.62
que significa pipeline en ventas,0,8,0%,10.75
b2b marketing agency,0,8,0%,11.25
empresa de seo en valencia,0,8,0%,13
agencias de marketing,0,8,0%,13.88
calculadora metricas comercio electronico,0,8,0%,14.12
crear campaña de facebook ads valencia,0,8,0%,15.25
agencia web ecommerce,0,8,0%,17.75
agencia de marketing para distribuidores,0,8,0%,18.88
agencias marketing digital,0,8,0%,21.12
departamento de marketing digital,0,8,0%,28.12
servicios de marketing digital en valencia,0,8,0%,29.12
agencia+de+inbound+marketing+b2b,0,8,0%,33.5
agencia de publicidad en redes sociales,0,8,0%,40.12
agencia b2b marketing industrial barcelona,0,8,0%,43.38
agencia funnels,0,8,0%,45.12
agencia de marketing google ads,0,8,0%,47
agencia marketing google ads,0,8,0%,49.5
agencia marketing motor,0,8,0%,49.88
departamento de marketing de una empresa,0,8,0%,56.5
consultoria de marketing estrategico valencia,0,8,0%,77.62
agencia google adwords valencia,0,8,0%,83.62
agencia facebook ads madrid,0,8,0%,92.25
b2b saas,0,8,0%,92.25
agencia google ads cordoba,0,8,0%,94.88
agencia de comunicacion valencia,0,8,0%,95
consultor seo en valencia,0,8,0%,96.38
organigrama horizontal,0,7,0%,1
organigrama de una empresa de marketing digital,0,7,0%,6.29
dashboard leads,0,7,0%,9.71
marketing b2b,0,7,0%,9.71
facebook ads marca blanca,0,7,0%,11.86
mql sql,0,7,0%,13
estructura de mercadotecnia,0,7,0%,13.29
calcular kpi,0,7,0%,16
estructura de marketing,0,7,0%,18.71
mejorar seo valencia,0,7,0%,20.86
copy seo valencia,0,7,0%,25.14
agencias de desarrollo en valencia,0,7,0%,26.71
agencia de marketing digital en camins del grau,0,7,0%,29.43
agencia de generación de demanda,0,7,0%,43.43
consultoría marketing b2b,0,7,0%,68.14
2 veces marketing,0,7,0%,93.29
agencia meta partner,0,7,0%,95.14
agencia marketing españa,0,6,0%,4.83
agencia de trade marketing,0,6,0%,5.17
pipeline negocios,0,6,0%,5.67
pipeline en marketing,0,6,0%,5.83
estructura del marketing,0,6,0%,7.33
b2b google ads,0,6,0%,7.83
empresas marketing,0,6,0%,8.5
mql sql significado,0,6,0%,9.67
agencias de seo en valencia,0,6,0%,10.33
agencia de abm,0,6,0%,12
pipeline que es ventas,0,6,0%,12.17
agencia de marketing digital,0,6,0%,14
meta ad agency,0,6,0%,14.5
agencia negocios locales,0,6,0%,14.67
adwords b2b,0,6,0%,17.17
agencias de marketing digital,0,6,0%,19
marketing digital empresas valencia,0,6,0%,20.17
agencia seo ecommerce,0,6,0%,22.83
marketing para salones de belleza en valencia,0,6,0%,31.5
agencia hubspot para b2b,0,6,0%,37.83
pipeline de oportunidades,0,6,0%,39.33
agencia marketing digital google ads,0,6,0%,43.67
marketing en valencia,0,6,0%,45.83
marketing digital marca blanca valencia,0,6,0%,46.83
asesoria de marketing digital b2b,0,6,0%,53
dpto de marketing,0,6,0%,57.67
crm para empresas valencia,0,6,0%,65.17
consultoría de marketing b2b,0,6,0%,76.5
publicidad y marketing valencia,0,6,0%,80
especialista en redes sociales valencia,0,6,0%,82.67
estrategia marketing valencia,0,6,0%,88.67
agencia seo aliexpress,0,6,0%,95.17
posicionamiento en internet valencia,0,6,0%,95.5
agencia adwords valencia,0,6,0%,98.5
empresa de marketing b2b,0,5,0%,1.4
dirección de marketing,0,5,0%,1.8
departamento de mercadeo,0,5,0%,3.8
marketing digital abeix,0,5,0%,6.6
agencias digitales,0,5,0%,7.2
marketing@balaes.com,0,5,0%,8
seo candelario,0,5,0%,10.2
mql to sql,0,5,0%,11
empresa de marketing industrial b2b,0,5,0%,13.4
google ads for b2b,0,5,0%,14.8
pipeline en español ventas,0,5,0%,16.6
agencia de marketing internacional,0,5,0%,17.6
facebook agencia,0,5,0%,17.6
b2b seo marketing,0,5,0%,20.6
agencia de marketing digital en cases de barcena,0,5,0%,22
agencia de marketing digital en patraix,0,5,0%,23.4
consultoria marketing industrial,0,5,0%,29.2
agencia de marketing digital en ciutat vella,0,5,0%,32.8
seo for b2b marketing,0,5,0%,38.8
seo for b2b,0,5,0%,41
axencia seo,0,5,0%,47.2
facebook agency,0,5,0%,47.2
consultoria de ventas valencia,0,5,0%,80.8
agencia de ventas,0,5,0%,87.4
seo para empresas de reciclaje,0,5,0%,91.6
agencia de marketing para constructoras,0,5,0%,92.6
agencia posicionamiento web gandia,0,5,0%,93.6
seo blanco,0,5,0%,96
agencia de branding valencia,0,5,0%,96.2
agencia shopify valencia,0,5,0%,96.6
agencia google adwords bilbao,0,5,0%,97.4
expertos en diseño web seo valencia,0,5,0%,98.2
organigrama,0,4,0%,1
organigrama tradicional,0,4,0%,1
publicidad google ads,0,4,0%,1
que son kpis,0,4,0%,1
pipeline,0,4,0%,1.5
publicidad meta ads valencia,0,4,0%,4.5
organigrama de una empresa de publicidad,0,4,0%,5
marketing digital,0,4,0%,5.5
organigrama de marketing digital,0,4,0%,5.75
empresa b2b,0,4,0%,6.75
agencia velvet valencia,0,4,0%,8.5
dashboard b2b,0,4,0%,9.5
agencia ecommerce b2b,0,4,0%,9.75
agencia+inbound+marketing+b2b,0,4,0%,10.25
puestos del departamento de marketing,0,4,0%,10.25
pipeline de negocios,0,4,0%,11
agencia comercio electronico,0,4,0%,12
empresas de marketing industrial b2b,0,4,0%,12.25
especialsta seo valencia,0,4,0%,12.75
sqls marketing,0,4,0%,13
expertos en seo en valencia,0,4,0%,14
departamento de marketing en una empresa,0,4,0%,14.5
mejor agencia seo en valencia,0,4,0%,19.5
agencia de marketing digital en el saler,0,4,0%,25.25
empresas de marketing digital en españa,0,4,0%,25.75
pipeline de ventas ejemplos,0,4,0%,29
agencia anuncios,0,4,0%,31.5
pipeline oportunidades,0,4,0%,39.75
agencia publicidad google ads,0,4,0%,50.75
agencia instagram ads,0,4,0%,51.5
agencia de campañas en google ads,0,4,0%,57.75
agencia marketing seo,0,4,0%,61.5
agencia de publicidad en facebook,0,4,0%,63.5
agencia de negocios,0,4,0%,69.75
agencia de seo gratis,0,4,0%,77.75
revendedor paginas web valencia,0,4,0%,82.5
agencia seo plasencia,0,4,0%,87.25
redes sociales valencia,0,4,0%,87.5
agencia de marketing y ventas,0,4,0%,93
servicios de marketing online valencia,0,4,0%,93.25
marketing departamento,0,4,0%,95.25
expertos google ads,0,4,0%,97
agencia google ads bilbao,0,4,0%,98
magister en marketing digital,0,3,0%,1
mql vs sql,0,3,0%,1
pipeline comercial significado,0,3,0%,1
pipeline de clientes,0,3,0%,1
puestos de marketing en una empresa,0,3,0%,1
que es un pipeline comercial,0,3,0%,1.33
ejemplos de pipeline,0,3,0%,2.33
marketing para empresas b2b en españa,0,3,0%,4.33
b2b seo services,0,3,0%,5.33
meta b2b,0,3,0%,5.67
b2b empresa,0,3,0%,6.67
mqls sqls,0,3,0%,7
mql to sql conversion,0,3,0%,7.33
servicios meta ads b2b,0,3,0%,7.33
agencias de marketing en españa,0,3,0%,9
que es mqls,0,3,0%,9.67
area marketing,0,3,0%,10
agencias marketing españa,0,3,0%,10.33
agencia saas,0,3,0%,10.67
areas de marketing en una empresa,0,3,0%,10.67
empresas de mkt,0,3,0%,11.33
agencia account based marketing,0,3,0%,12.33
agencia de marketing digital en benifaraig,0,3,0%,12.67
expertos facebook ads,0,3,0%,13
experto en seo en valencia,0,3,0%,13.67
departamentos de mercadotecnia,0,3,0%,16
agencia de mkt,0,3,0%,16.67
seo empresas b2b,0,3,0%,17
mql marketing,0,3,0%,18
agencia marketing digital tres forques,0,3,0%,18.33
agencia seo,0,3,0%,20
departamento de ventas organigrama,0,3,0%,20
agencia de marketing digital para clinicas,0,3,0%,21.33
plantilla presupuesto b2b,0,3,0%,21.67
desarrollo web ecommerce,0,3,0%,22
google ads b2b,0,3,0%,26.67
agencia de paid media b2b,0,3,0%,28.33
la agencia seo,0,3,0%,28.67
agencia de marketing digital para pymes,0,3,0%,31
agencia publicitaria valencia,0,3,0%,31.33
marketing agency b2b,0,3,0%,32
agencia de marketing digital en benicalap,0,3,0%,32.33
agencia ads,0,3,0%,33.67
organigrama ventas,0,3,0%,34.33
empresa seo,0,3,0%,39.33
agencia marketing digital seo,0,3,0%,40
empresas marketing industrial,0,3,0%,48.67
consultoría abm,0,3,0%,52
sql marketing,0,3,0%,55
agencia de hubspot,0,3,0%,56
agencia publicidad instagram,0,3,0%,68.33
agencias de link building nacional,0,3,0%,70.33
seo effektiv,0,3,0%,70.67
agencia marketing industrial barcelona,0,3,0%,75.67
agencias valencia,0,3,0%,82.67
diferencia entre mql y sql,0,3,0%,90.33
agencia publicidad google,0,3,0%,91.67
posicionamiento seo en palencia,0,3,0%,92
servicios seo blanco,0,3,0%,92.67
contratar meta ads,0,3,0%,93.33
posicionamiento seo con kit digital valencia,0,3,0%,94.67
gestion de paginas web valencia,0,3,0%,95.33
posicionamiento seo en torrelavega,0,3,0%,96.33
agencia seo lisboa,0,3,0%,98
meta ads barcelona,0,3,0%,99.33
agencia de google ads,0,2,0%,1
concepto de ventas,0,2,0%,1
definición de venta,0,2,0%,1
departamento marketing digital,0,2,0%,1
gestion de pipeline,0,2,0%,1
organigrama especifico,0,2,0%,1
pipeline en finanzas,0,2,0%,1
pipeline financiero,0,2,0%,1
pipeline que es en ventas,0,2,0%,1
pipeline significado ventas,0,2,0%,1
que materias lleva marketing,0,2,0%,1
team marketing,0,2,0%,1
marketing digital b2b,0,2,0%,1.5
ejemplo de pipeline,0,2,0%,2
empresas de marketing españa,0,2,0%,2
marketingcall,0,2,0%,2
narivex,0,2,0%,2
ejemplo de pipeline de ventas,0,2,0%,2.5
area de marketing organigrama,0,2,0%,3
organigrama de una empresa de marketing y publicidad,0,2,0%,3
organigrama marketing digital,0,2,0%,3.5
marketin,0,2,0%,4
organograma marketing,0,2,0%,4.5
b2b agency,0,2,0%,6.5
marketing agency spain,0,2,0%,6.5
mqls que es,0,2,0%,6.5
mqls y sqls,0,2,0%,6.5
que es el pipeline comercial,0,2,0%,6.5
que es un pipeline en ventas,0,2,0%,6.5
agencia de marketing para fabricantes,0,2,0%,7
empresas ecommerce,0,2,0%,7
mejores agencias de marketing digital en valencia,0,2,0%,7
organigrama de agencia de marketing,0,2,0%,7
¿qué agencias ofrecen servicios de marketing b2b efectivos en españa?,0,2,0%,7
marketing digital contratar,0,2,0%,7.5
marketing para empresas b2b,0,2,0%,7.5
marketing digital para empresas b2b,0,2,0%,8
sqls,0,2,0%,9.5
areas del departamento de marketing,0,2,0%,10.5
organigrama de agencia de publicidad,0,2,0%,10.5
agencia4leads agencia marketing digital,0,2,0%,11
callvex s.a.s.,0,2,0%,11
empresa de marketing y publicidad,0,2,0%,11
agencia inmobiliaria digital,0,2,0%,11.5
digital marketing agency,0,2,0%,11.5
servicio sem para b2b,0,2,0%,11.5
servicios posicionamiento seo valencia,0,2,0%,11.5
agencias marketing inmobiliario,0,2,0%,12
digital agency,0,2,0%,12
lead digital la mejor agencia de marketing digital de valencia,0,2,0%,12
sql en marketing,0,2,0%,12
que es mql y sql,0,2,0%,13.5
ads,0,2,0%,14
agencia de marketing digital seo analytics,0,2,0%,14
agency facebook ads,0,2,0%,14
empresa marketing digital,0,2,0%,14
empresa de posicionamiento web en valencia,0,2,0%,15.5
agencia de meta ads (facebook e instagram),0,2,0%,16.5
agencias de adwords,0,2,0%,16.5
google seo valencia,0,2,0%,16.5
agencias de inbound marketing,0,2,0%,17
marketing agencia,0,2,0%,17
b2b digital agency,0,2,0%,17.5
el departamento de marketing,0,2,0%,17.5
agencia tiendas online,0,2,0%,21
agencia de marketing estrategico,0,2,0%,22
google b2b,0,2,0%,22
puestos de una agencia de marketing,0,2,0%,23
que significa pipeline en negocios,0,2,0%,23
calculadora de marketing,0,2,0%,23.5
organigrama departamento de ventas,0,2,0%,25
servicios de marketing,0,2,0%,26.5
agence facebook ads,0,2,0%,27
organigrama de una agencia publicitaria,0,2,0%,28.5
b2b sem,0,2,0%,30
agencia empresa,0,2,0%,32.5
pedir fondos marketing digital valencia,0,2,0%,33.5
pipeline significado en negocios,0,2,0%,34
mejores agencias marketing digital valencia,0,2,0%,35.5
agencia comunicación valencia,0,2,0%,44.5
marketing industrial b2b,0,2,0%,45
de que se encarga el departamento de marketing,0,2,0%,46.5
agencia de marketing para industrias,0,2,0%,47.5
agencia publicidad en redes sociales,0,2,0%,48
qué es el pipeline de ventas,0,2,0%,49
depto de marketing,0,2,0%,51.5
agencias hubspot,0,2,0%,57
departamentos marketing,0,2,0%,57.5
agencia de publicidad meta ads,0,2,0%,62
especialista en meta ads,0,2,0%,65.5
agencia de marketing digital cerca de mi,0,2,0%,68
marketing digital agencia seo,0,2,0%,68.5
area de marketing en una empresa,0,2,0%,69.5
we are marketing valencia,0,2,0%,70
funciones departamento de marketing,0,2,0%,70.5
seo para empresas de construcción,0,2,0%,71
definicion pipeline,0,2,0%,76.5
facebook ad agency,0,2,0%,76.5
relevant traffic,0,2,0%,77
agencia ppc valencia,0,2,0%,82.5
saas coste por lead,0,2,0%,83
marketing b2b industrial barcelona,0,2,0%,86.5
agencia de seo y marketing digital,0,2,0%,87.5
consultoría account based marketing,0,2,0%,87.5
agencia en google,0,2,0%,89.5
agencia facebook ads barcelona,0,2,0%,89.5
publicidad redes sociales valencia,0,2,0%,89.5
agencia seo en javea,0,2,0%,91
estrategia de marketing digital valencia,0,2,0%,95
consultoria seo palencia,0,2,0%,95.5
crm en valencia,0,2,0%,95.5
gestion de redes sociales valencia,0,2,0%,96
subcontratar marketing digital valencia,0,2,0%,99
agencia google ads internacional,0,2,0%,99.5
agencia de marketing digital españa,0,1,0%,1
agencia de marketing ecommerce,0,1,0%,1
agencia de marketing para ecommerce,0,1,0%,1
agencia de viajes cerca de mi,0,1,0%,1
agencia marketing ecommerce,0,1,0%,1
agencias ecommerce españa,0,1,0%,1
b2b pipeline,0,1,0%,1
conversion pipeline,0,1,0%,1
definición de ventas,0,1,0%,1
departamento de marketing y publicidad,0,1,0%,1
departamentos de una agencia de publicidad,0,1,0%,1
digital marketing b2b agency,0,1,0%,1
empresas diseño web valencia,0,1,0%,1
equipo mkt,0,1,0%,1
estructura de la publicidad,0,1,0%,1
estructura de ventas ejemplo,0,1,0%,1
etapas del pipeline,0,1,0%,1
forecast y pipeline,0,1,0%,1
google mqls,0,1,0%,1
horizontal,0,1,0%,1
linea punteada en organigrama,0,1,0%,1
marketing company,0,1,0%,1
marketing puestos,0,1,0%,1
mejores agencias de ecommerce en españa,0,1,0%,1
"mql, sql",0,1,0%,1
oficina de marketing,0,1,0%,1
organigrama de una empresa pequeña y sus funciones,0,1,0%,1
organigrama estructural,0,1,0%,1
organigrama jerárquico ejemplo,0,1,0%,1
organigrama nominal,0,1,0%,1
organigrama por su ambito,0,1,0%,1
organigrama que es,0,1,0%,1
paid marketing agency,0,1,0%,1
pasos para realizar un organigrama,0,1,0%,1
pipeline b2b,0,1,0%,1
pipeline business,0,1,0%,1
pipeline clientes,0,1,0%,1
pipeline de proyectos,0,1,0%,1
pipeline en comercial,0,1,0%,1
pipeline en negocios,0,1,0%,1
pipeline producto,0,1,0%,1
pipelines significado,0,1,0%,1
proceso de ventas ejemplo,0,1,0%,1
puestos de marketing digital,0,1,0%,1
puestos de trabajo en marketing,0,1,0%,1
puestos en marketing digital,0,1,0%,1
que es mql y sql en marketing,0,1,0%,1
que es pipeline comercial,0,1,0%,1
que es un pipe line,0,1,0%,1
que es un pipeline,0,1,0%,1
que significa pipeline de ventas,0,1,0%,1
qué es la venta,0,1,0%,1
qué es pipeline de ventas,0,1,0%,1
seo restaurantes valencia,0,1,0%,1
significado de pipeline en ventas,0,1,0%,1
sistema de ventas para negocio,0,1,0%,1
sql leads,0,1,0%,1
"""agencia de marketing""",0,1,0%,2
agencia de marketinh,0,1,0%,2
agencias de marketing cerca de mi,0,1,0%,2
agencias de social media,0,1,0%,2
bagian marketing,0,1,0%,2
calendario seo,0,1,0%,2
empresas de marketing en españa,0,1,0%,2
marketing call,0,1,0%,2
mejores agencias de marketing b2b de españa,0,1,0%,2
meta agencia,0,1,0%,2
organigrama de un supermercado mediano,0,1,0%,2
organigrama de una tienda,0,1,0%,2
organigrama departamental,0,1,0%,2
organigrama plano ejemplo,0,1,0%,2
pipelines crm,0,1,0%,2
saas marketing,0,1,0%,2
ventas,0,1,0%,2
agencias de marketing en españa,0,1,0%,3
agencias marketing,0,1,0%,3
marketing executive,0,1,0%,3
marketing team,0,1,0%,3
agencia para ecommerce,0,1,0%,4
consultora de marketing digital b2b,0,1,0%,4
ejemplos organigrama,0,1,0%,4
kpi calculator,0,1,0%,4
kpi kalkylator,0,1,0%,4
local marketing,0,1,0%,4
mejor agencia de marketing españa,0,1,0%,4
organigrama panaderia,0,1,0%,4
b2b marketing agencies,0,1,0%,5
empresa y marketing,0,1,0%,5
organigrama de un ministerio,0,1,0%,5
organigrama de una gestoria,0,1,0%,5
agencias de ecommerce,0,1,0%,6
agencias de growth recomendadas para saas b2b,0,1,0%,6